<?xml version="1.0"?>
<WardrobeSettings xmlns:xsi="http://www.w3.org/2001/XMLSchema-instance" xmlns:xsd="http://www.w3.org/2001/XMLSchema">

  <!-- 
    Kebb's recode :)
    Old 2019 reskin by Blargel & Erkstock on Discord
  -->

  <isCollection>true</isCollection>
  <skin>NULL</skin>
  <name />
  <description />
  <enabled>false</enabled>
  <collection>
    <name>Yu Ayasaki</name>
    <description>Yu Ayasaki as the Jampu Girl</description>
    <enabled>false</enabled>
    <Reskins>
      <Reskin>
        <skin>NULL</skin>
        <name>jampugirlbase</name>
      </Reskin>
      <Reskin>
        <skin>Crown</skin>
        <name>jampugirlcrown</name>
      </Reskin>
      <Reskin>
        <skin>Shoes</skin>
        <name>jampugirlshoes</name>
      </Reskin>
      <Reskin>
        <skin>CrownNBP</skin>
        <name>jampugirlcrown_nbp</name>
      </Reskin>
      <Reskin>
        <skin>SnakeRing</skin>
        <name>jampugirlring</name>
      </Reskin>
      <Reskin>
        <skin>GiantBoots</skin>
        <name>jampugirlshoes_iron</name>
      </Reskin>
      <Reskin>
        <skin>Cap</skin>
        <name>jampugirlcap</name>
      </Reskin>
      <Reskin>
        <skin>GnomeHat</skin>
        <name>jampugirlgnomehat</name>
      </Reskin>
      <Reskin>
        <skin>Tunic</skin>
        <name>jampugirltunic</name>
      </Reskin>
      <Reskin>
        <skin>YellowShoes</skin>
        <name>jampugirlyellowshoes</name>
      </Reskin>
      <Reskin>
        <skin>CrownOwl</skin>
        <name>jampugirlcrown_owl</name>
      </Reskin>
      <Reskin>
        <skin>CapeOwl</skin>
        <name>jampugirlcape_owl</name>
      </Reskin>
    </Reskins>
  </collection>
</WardrobeSettings>