<?xml version="1.0"?>
<PropCollection xmlns:xsi="http://www.w3.org/2001/XMLSchema-instance" xmlns:xsd="http://www.w3.org/2001/XMLSchema">

  <!-- Bonfire, DungeonTorch, Candle -->

  <Props>

    <PropData>
      <type>Bonfire</type>
      <Position>
        <X>83</X>
        <Y>147</Y>
      </Position>
    </PropData>

	<PropData>
	  <type>grammofon</type>
      <Position>
        <X>253</X>
        <Y>80</Y>
      </Position>
	</PropData>
	
	<PropData>
	  <type>fairy</type>
      <Position>
        <X>50</X>
        <Y>50</Y>
      </Position>
	</PropData>
  </Props>
</PropCollection>